{
  "$schema": "https://cloud.uipath.com/draft/2024-12/entry-point",
  "entryPoints": [
    {
      "filePath": "Main.xaml",
      "uniqueId": "3bd1e289-b95c-48f0-9ded-83502a02360b",
      "type": "process",
      "input": {
        "type": "object",
        "properties": {
          "in_OrchestratorQueueName": {
            "type": "string"
          },
          "in_OrchestratorQueueFolder": {
            "type": "string"
          }
        },
        "required": []
      }
    },
    {
      "filePath": "Workflow.cs",
      "uniqueId": "aea9e3e1-0ab7-4514-bb0a-2638b4abf8e5",
      "type": "process"
    }
  ]
}