<?xml version="1.0"?>
<doc>
    <assembly>
        <name>Generate_Yearly_Report_Performer.Core</name>
    </assembly>
    <members>
        <member name="M:Generate_Yearly_Report_Performer.WorkflowRunnerService.CloseAllApplications(System.Boolean)">
            <summary>
            Invokes the Framework/CloseAllApplications.xaml
            </summary>
            <param name="isolated">Indicates whether to isolate executions (run them within a different process)</param>
        </member>
        <member name="M:Generate_Yearly_Report_Performer.WorkflowRunnerService.CloseAllApplications">
            <summary>
            Invokes the Framework/CloseAllApplications.xaml
            </summary>
        </member>
        <member name="M:Generate_Yearly_Report_Performer.WorkflowRunnerService.GetTransactionData(System.Int32,System.Collections.Generic.Dictionary{System.String,System.Object},System.Data.DataTable,System.Boolean)">
            <summary>
            Invokes the Framework/GetTransactionData.xaml
            </summary>
            <param name="isolated">Indicates whether to isolate executions (run them within a different process)</param>
        </member>
        <member name="M:Generate_Yearly_Report_Performer.WorkflowRunnerService.GetTransactionData(System.Int32,System.Collections.Generic.Dictionary{System.String,System.Object},System.Data.DataTable)">
            <summary>
            Invokes the Framework/GetTransactionData.xaml
            </summary>
        </member>
        <member name="M:Generate_Yearly_Report_Performer.WorkflowRunnerService.GetTransactionDataTestCase(System.Boolean)">
            <summary>
            Invokes the Tests/GetTransactionDataTestCase.xaml
            </summary>
            <param name="isolated">Indicates whether to isolate executions (run them within a different process)</param>
        </member>
        <member name="M:Generate_Yearly_Report_Performer.WorkflowRunnerService.GetTransactionDataTestCase">
            <summary>
            Invokes the Tests/GetTransactionDataTestCase.xaml
            </summary>
        </member>
        <member name="M:Generate_Yearly_Report_Performer.WorkflowRunnerService.InitAllApplications(System.Collections.Generic.Dictionary{System.String,System.Object},System.Boolean)">
            <summary>
            Invokes the Framework/InitAllApplications.xaml
            </summary>
            <param name="isolated">Indicates whether to isolate executions (run them within a different process)</param>
        </member>
        <member name="M:Generate_Yearly_Report_Performer.WorkflowRunnerService.InitAllApplications(System.Collections.Generic.Dictionary{System.String,System.Object})">
            <summary>
            Invokes the Framework/InitAllApplications.xaml
            </summary>
        </member>
        <member name="M:Generate_Yearly_Report_Performer.WorkflowRunnerService.InitAllApplicationsTestCase(System.Boolean)">
            <summary>
            Invokes the Tests/InitAllApplicationsTestCase.xaml
            </summary>
            <param name="isolated">Indicates whether to isolate executions (run them within a different process)</param>
        </member>
        <member name="M:Generate_Yearly_Report_Performer.WorkflowRunnerService.InitAllApplicationsTestCase">
            <summary>
            Invokes the Tests/InitAllApplicationsTestCase.xaml
            </summary>
        </member>
        <member name="M:Generate_Yearly_Report_Performer.WorkflowRunnerService.InitAllSettings(System.String,System.String[],System.Boolean)">
            <summary>
            Invokes the Framework/InitAllSettings.xaml
            </summary>
            <param name="isolated">Indicates whether to isolate executions (run them within a different process)</param>
        </member>
        <member name="M:Generate_Yearly_Report_Performer.WorkflowRunnerService.InitAllSettings(System.String,System.String[])">
            <summary>
            Invokes the Framework/InitAllSettings.xaml
            </summary>
        </member>
        <member name="M:Generate_Yearly_Report_Performer.WorkflowRunnerService.InitAllSettingsTestCase(System.Boolean)">
            <summary>
            Invokes the Tests/InitAllSettingsTestCase.xaml
            </summary>
            <param name="isolated">Indicates whether to isolate executions (run them within a different process)</param>
        </member>
        <member name="M:Generate_Yearly_Report_Performer.WorkflowRunnerService.InitAllSettingsTestCase">
            <summary>
            Invokes the Tests/InitAllSettingsTestCase.xaml
            </summary>
        </member>
        <member name="M:Generate_Yearly_Report_Performer.WorkflowRunnerService.KillAllProcesses(System.Boolean)">
            <summary>
            Invokes the Framework/KillAllProcesses.xaml
            </summary>
            <param name="isolated">Indicates whether to isolate executions (run them within a different process)</param>
        </member>
        <member name="M:Generate_Yearly_Report_Performer.WorkflowRunnerService.KillAllProcesses">
            <summary>
            Invokes the Framework/KillAllProcesses.xaml
            </summary>
        </member>
        <member name="M:Generate_Yearly_Report_Performer.WorkflowRunnerService.Main(System.String,System.String,System.Boolean)">
            <summary>
            Invokes the Main.xaml
            </summary>
            <param name="isolated">Indicates whether to isolate executions (run them within a different process)</param>
        </member>
        <member name="M:Generate_Yearly_Report_Performer.WorkflowRunnerService.Main(System.String,System.String)">
            <summary>
            Invokes the Main.xaml
            </summary>
        </member>
        <member name="M:Generate_Yearly_Report_Performer.WorkflowRunnerService.MainTestCase(System.Boolean)">
            <summary>
            Invokes the Tests/MainTestCase.xaml
            </summary>
            <param name="isolated">Indicates whether to isolate executions (run them within a different process)</param>
        </member>
        <member name="M:Generate_Yearly_Report_Performer.WorkflowRunnerService.MainTestCase">
            <summary>
            Invokes the Tests/MainTestCase.xaml
            </summary>
        </member>
        <member name="M:Generate_Yearly_Report_Performer.WorkflowRunnerService.Process(UiPath.Core.QueueItem,System.Collections.Generic.Dictionary{System.String,System.Object},System.Boolean)">
            <summary>
            Invokes the Framework/Process.xaml
            </summary>
            <param name="isolated">Indicates whether to isolate executions (run them within a different process)</param>
        </member>
        <member name="M:Generate_Yearly_Report_Performer.WorkflowRunnerService.Process(UiPath.Core.QueueItem,System.Collections.Generic.Dictionary{System.String,System.Object})">
            <summary>
            Invokes the Framework/Process.xaml
            </summary>
        </member>
        <member name="M:Generate_Yearly_Report_Performer.WorkflowRunnerService.ProcessTestCase(System.Boolean)">
            <summary>
            Invokes the Tests/ProcessTestCase.xaml
            </summary>
            <param name="isolated">Indicates whether to isolate executions (run them within a different process)</param>
        </member>
        <member name="M:Generate_Yearly_Report_Performer.WorkflowRunnerService.ProcessTestCase">
            <summary>
            Invokes the Tests/ProcessTestCase.xaml
            </summary>
        </member>
        <member name="M:Generate_Yearly_Report_Performer.WorkflowRunnerService.RetryCurrentTransaction(System.Collections.Generic.Dictionary{System.String,System.Object},System.Exception,System.Boolean,System.Int32,System.Int32,System.Boolean)">
            <summary>
            Invokes the Framework/RetryCurrentTransaction.xaml
            </summary>
            <param name="isolated">Indicates whether to isolate executions (run them within a different process)</param>
        </member>
        <member name="M:Generate_Yearly_Report_Performer.WorkflowRunnerService.RetryCurrentTransaction(System.Collections.Generic.Dictionary{System.String,System.Object},System.Exception,System.Boolean,System.Int32,System.Int32)">
            <summary>
            Invokes the Framework/RetryCurrentTransaction.xaml
            </summary>
        </member>
        <member name="M:Generate_Yearly_Report_Performer.WorkflowRunnerService.SetTransactionStatus(UiPath.Core.BusinessRuleException,System.String,System.String,System.String,System.Exception,System.Collections.Generic.Dictionary{System.String,System.Object},UiPath.Core.QueueItem,System.Int32,System.Int32,System.Int32,System.Boolean)">
            <summary>
            Invokes the Framework/SetTransactionStatus.xaml
            </summary>
            <param name="isolated">Indicates whether to isolate executions (run them within a different process)</param>
        </member>
        <member name="M:Generate_Yearly_Report_Performer.WorkflowRunnerService.SetTransactionStatus(UiPath.Core.BusinessRuleException,System.String,System.String,System.String,System.Exception,System.Collections.Generic.Dictionary{System.String,System.Object},UiPath.Core.QueueItem,System.Int32,System.Int32,System.Int32)">
            <summary>
            Invokes the Framework/SetTransactionStatus.xaml
            </summary>
        </member>
        <member name="M:Generate_Yearly_Report_Performer.WorkflowRunnerService.System1_Close(System.Boolean)">
            <summary>
            Invokes the System1/System1_Close.xaml
            </summary>
            <param name="isolated">Indicates whether to isolate executions (run them within a different process)</param>
        </member>
        <member name="M:Generate_Yearly_Report_Performer.WorkflowRunnerService.System1_Close">
            <summary>
            Invokes the System1/System1_Close.xaml
            </summary>
        </member>
        <member name="M:Generate_Yearly_Report_Performer.WorkflowRunnerService.System1_DownloadMonthlyReport(System.String,System.String,System.String,System.Boolean)">
            <summary>
            Invokes the System1/System1_DownloadMonthlyReport.xaml
            </summary>
            <param name="isolated">Indicates whether to isolate executions (run them within a different process)</param>
        </member>
        <member name="M:Generate_Yearly_Report_Performer.WorkflowRunnerService.System1_DownloadMonthlyReport(System.String,System.String,System.String)">
            <summary>
            Invokes the System1/System1_DownloadMonthlyReport.xaml
            </summary>
        </member>
        <member name="M:Generate_Yearly_Report_Performer.WorkflowRunnerService.System1_GetClientDetails(System.String,System.Boolean)">
            <summary>
            Invokes the System1/System1_GetClientDetails.xaml
            </summary>
            <param name="isolated">Indicates whether to isolate executions (run them within a different process)</param>
        </member>
        <member name="M:Generate_Yearly_Report_Performer.WorkflowRunnerService.System1_GetClientDetails(System.String)">
            <summary>
            Invokes the System1/System1_GetClientDetails.xaml
            </summary>
        </member>
        <member name="M:Generate_Yearly_Report_Performer.WorkflowRunnerService.System1_Login(System.String,System.String,System.Boolean)">
            <summary>
            Invokes the System1/System1_Login.xaml
            </summary>
            <param name="isolated">Indicates whether to isolate executions (run them within a different process)</param>
        </member>
        <member name="M:Generate_Yearly_Report_Performer.WorkflowRunnerService.System1_Login(System.String,System.String)">
            <summary>
            Invokes the System1/System1_Login.xaml
            </summary>
        </member>
        <member name="M:Generate_Yearly_Report_Performer.WorkflowRunnerService.System1_MergeMonthyReports(System.String,System.Boolean)">
            <summary>
            Invokes the System1/System1_MergeMonthyReports.xaml
            </summary>
            <param name="isolated">Indicates whether to isolate executions (run them within a different process)</param>
        </member>
        <member name="M:Generate_Yearly_Report_Performer.WorkflowRunnerService.System1_MergeMonthyReports(System.String)">
            <summary>
            Invokes the System1/System1_MergeMonthyReports.xaml
            </summary>
        </member>
        <member name="M:Generate_Yearly_Report_Performer.WorkflowRunnerService.System1_NavigateToDownloadReports(System.String,System.String,System.Boolean)">
            <summary>
            Invokes the System1/System1_NavigateToDownloadReports.xaml
            </summary>
            <param name="isolated">Indicates whether to isolate executions (run them within a different process)</param>
        </member>
        <member name="M:Generate_Yearly_Report_Performer.WorkflowRunnerService.System1_NavigateToDownloadReports(System.String,System.String)">
            <summary>
            Invokes the System1/System1_NavigateToDownloadReports.xaml
            </summary>
        </member>
        <member name="M:Generate_Yearly_Report_Performer.WorkflowRunnerService.System1_NavigateToUploadReports(System.String,System.String,System.Boolean)">
            <summary>
            Invokes the System1/System1_NavigateToUploadReports.xaml
            </summary>
            <param name="isolated">Indicates whether to isolate executions (run them within a different process)</param>
        </member>
        <member name="M:Generate_Yearly_Report_Performer.WorkflowRunnerService.System1_NavigateToUploadReports(System.String,System.String)">
            <summary>
            Invokes the System1/System1_NavigateToUploadReports.xaml
            </summary>
        </member>
        <member name="M:Generate_Yearly_Report_Performer.WorkflowRunnerService.System1_NavigateToWI(System.String,System.String,System.String,System.Boolean)">
            <summary>
            Invokes the System1/System1_NavigateToWI.xaml
            </summary>
            <param name="isolated">Indicates whether to isolate executions (run them within a different process)</param>
        </member>
        <member name="M:Generate_Yearly_Report_Performer.WorkflowRunnerService.System1_NavigateToWI(System.String,System.String,System.String)">
            <summary>
            Invokes the System1/System1_NavigateToWI.xaml
            </summary>
        </member>
        <member name="M:Generate_Yearly_Report_Performer.WorkflowRunnerService.System1_UpdateWorkItems(System.String,System.String,System.String,System.Boolean)">
            <summary>
            Invokes the System1/System1_UpdateWorkItems.xaml
            </summary>
            <param name="isolated">Indicates whether to isolate executions (run them within a different process)</param>
        </member>
        <member name="M:Generate_Yearly_Report_Performer.WorkflowRunnerService.System1_UpdateWorkItems(System.String,System.String,System.String)">
            <summary>
            Invokes the System1/System1_UpdateWorkItems.xaml
            </summary>
        </member>
        <member name="M:Generate_Yearly_Report_Performer.WorkflowRunnerService.System1_UploadYearlyReport(System.String,System.String,System.String,System.Boolean)">
            <summary>
            Invokes the System1/System1_UploadYearlyReport.xaml
            </summary>
            <param name="isolated">Indicates whether to isolate executions (run them within a different process)</param>
        </member>
        <member name="M:Generate_Yearly_Report_Performer.WorkflowRunnerService.System1_UploadYearlyReport(System.String,System.String,System.String)">
            <summary>
            Invokes the System1/System1_UploadYearlyReport.xaml
            </summary>
        </member>
        <member name="M:Generate_Yearly_Report_Performer.WorkflowRunnerService.TakeScreenshot(System.String,System.String,System.Boolean)">
            <summary>
            Invokes the Framework/TakeScreenshot.xaml
            </summary>
            <param name="isolated">Indicates whether to isolate executions (run them within a different process)</param>
        </member>
        <member name="M:Generate_Yearly_Report_Performer.WorkflowRunnerService.TakeScreenshot(System.String,System.String)">
            <summary>
            Invokes the Framework/TakeScreenshot.xaml
            </summary>
        </member>
        <member name="M:Generate_Yearly_Report_Performer.WorkflowRunnerService.Workflow(System.Boolean)">
            <summary>
            Invokes the Workflow.cs
            </summary>
            <param name="isolated">Indicates whether to isolate executions (run them within a different process)</param>
        </member>
        <member name="M:Generate_Yearly_Report_Performer.WorkflowRunnerService.Workflow">
            <summary>
            Invokes the Workflow.cs
            </summary>
        </member>
        <member name="M:Generate_Yearly_Report_Performer.WorkflowRunnerService.WorkflowTestCaseTemplate(System.Boolean)">
            <summary>
            Invokes the Tests/WorkflowTestCaseTemplate.xaml
            </summary>
            <param name="isolated">Indicates whether to isolate executions (run them within a different process)</param>
        </member>
        <member name="M:Generate_Yearly_Report_Performer.WorkflowRunnerService.WorkflowTestCaseTemplate">
            <summary>
            Invokes the Tests/WorkflowTestCaseTemplate.xaml
            </summary>
        </member>
    </members>
</doc>
